{
  "before": [
    0.16,
    0.01,
    0.19,
    0.35,
    0.41,
    0.01,
    0.01,
    0.01,
    0.15,
    0.01,
    0.01,
    0.31
  ],
  "after": [
    0.19,
    0.19,
    0.01,
    0.31,
    0.01,
    0.15,
    0.16,
    0.31,
    0.35,
    0.41,
    0.16,
    0.01
  ],
  "before_mean": 0.13583333333333333,
  "after_mean": 0.18833333333333335
}